{
  "format_version": "1.8.0",
  "animations": {
    "animation.entity_struct_super_netherspreader_pump.death_a": {
      "anim_time_update": "(query.anim_time + (query.delta_time * 1))",
      "blend_weight": "1",
      "bones": {
        "joint_pump_m": {
          "lod_distance": 0.0,
          "position": {
            "0.0": [-0.399993896484375,0.0,0.0],
            "0.833333333333": [-0.399993896484375,0.0,0.0],
            "lod_distance": 0.0
          }
        }
      },
      "loop": "hold_last_frame",
      "particle_effects": {
        "0.01":  [
          {
            "bind_to_actor": false,
            "effect": "fx_death",
            "enabled": true,
            "locator": "loc_fx_pump"
          }
        ]
      }
    },
    "animation.entity_struct_super_netherspreader_pump.pump_a": {
      "anim_time_update": "(query.anim_time + (query.delta_time * 1))",
      "blend_weight": "1",
      "bones": {
        "joint_pump_m": {
          "lod_distance": 0.0,
          "position": {
            "0.0": [-192.78704833984375,0.0,0.0],
            "0.0333333333333": [-262.62896728515625,0.0,0.0],
            "0.0666666666667": [-358.25989627838135,0.0,0.0],
            "0.1": [-347.10705757141113,0.0,0.0],
            "0.166666666667": [-349.15345573425293,0.0,0.0],
            "0.2": [-348.80603408813477,0.0,0.0],
            "0.233333333333": [-347.61206245422363,0.0,0.0],
            "0.266666666667": [-347.09913063049316,0.0,0.0],
            "0.3": [-347.84235763549805,0.0,0.0],
            "0.333333333333": [-349.04615116119385,0.0,0.0],
            "0.366666666667": [-349.7415704727173,0.0,0.0],
            "0.766666666667": [-351.3512191772461,0.0,0.0],
            "0.8": [-348.3617763519287,0.0,0.0],
            "0.833333333333": [-348.1525592803955,0.0,0.0],
            "0.866666666667": [-347.00654792785645,0.0,0.0],
            "0.9": [-340.8170585632324,0.0,0.0],
            "0.933333333333": [-329.0963478088379,0.0,0.0],
            "0.966666666667": [-333.923677444458,0.0,0.0],
            "1.0": [-322.5727348327637,0.0,0.0],
            "1.03333333333": [-313.0865669250488,0.0,0.0],
            "1.06666666667": [-314.0972557067871,0.0,0.0],
            "1.1": [-316.9168930053711,0.0,0.0],
            "1.13333333333": [-300.8830757141113,0.0,0.0],
            "1.16666666667": [-290.83592224121094,0.0,0.0],
            "1.2": [-289.9037399291992,0.0,0.0],
            "1.23333333333": [-290.03656005859375,0.0,0.0],
            "1.3": [-266.41778564453125,0.0,0.0],
            "1.33333333333": [-269.00223541259766,0.0,0.0],
            "1.36666666667": [-269.62249755859375,0.0,0.0],
            "1.4": [-258.73921966552734,0.0,0.0],
            "1.43333333333": [-241.16712188720703,0.0,0.0],
            "1.46666666667": [-247.23997497558594,0.0,0.0],
            "1.5": [-251.06046295166016,0.0,0.0],
            "1.53333333333": [-241.5624237060547,0.0,0.0],
            "1.56666666667": [-222.83827209472656,0.0,0.0],
            "1.6": [-211.32383728027344,0.0,0.0],
            "1.63333333333": [-216.98785400390625,0.0,0.0],
            "1.66666666667": [-220.4022674560547,0.0,0.0],
            "1.7": [-211.03736877441406,0.0,0.0],
            "1.73333333333": [-192.7992401123047,0.0,0.0],
            "1.76666666667": [-181.46597290039062,0.0,0.0],
            "1.8": [-183.21707153320312,0.0,0.0],
            "1.83333333333": [-187.09178161621094,0.0,0.0],
            "1.86666666667": [-187.10977172851562,0.0,0.0],
            "1.9": [-177.6461181640625,0.0,0.0],
            "1.93333333333": [-156.39271545410156,0.0,0.0],
            "1.96666666667": [-146.42054748535156,0.0,0.0],
            "2.0": [-145.4671630859375,0.0,0.0],
            "2.03333333333": [-147.6067657470703,0.0,0.0],
            "2.06666666667": [-147.42613220214844,0.0,0.0],
            "2.1": [-141.21780395507812,0.0,0.0],
            "2.13333333333": [-125.64109802246094,0.0,0.0],
            "2.16666666667": [-110.47384643554688,0.0,0.0],
            "2.2": [-102.51882934570312,0.0,0.0],
            "2.23333333333": [-101.66159057617188,0.0,0.0],
            "2.26666666667": [-101.74505615234375,0.0,0.0],
            "2.3": [-101.41970825195312,0.0,0.0],
            "2.33333333333": [-93.6253662109375,0.0,0.0],
            "2.4": [-67.21017456054688,0.0,0.0],
            "2.43333333333": [-60.690185546875,0.0,0.0],
            "2.46666666667": [-60.564178466796875,0.0,0.0],
            "2.5": [-60.947418212890625,0.0,0.0],
            "2.53333333333": [-60.311309814453125,0.0,0.0],
            "2.56666666667": [-55.8590087890625,0.0,0.0],
            "2.6": [-44.323272705078125,0.0,0.0],
            "2.63333333333": [-31.334075927734375,0.0,0.0],
            "2.66666666667": [-22.537628173828125,0.0,0.0],
            "2.7": [-16.348358154296875,0.0,0.0],
            "2.76666666667": [-5.950653076171875,0.0,0.0],
            "2.8": [-1.4080810546875,0.0,0.0],
            "2.83333333333": [2.411376953125,0.0,0.0],
            "2.86666666667": [5.344635009765625,0.0,0.0],
            "2.9": [7.2603759765625,0.0,0.0],
            "2.93333333333": [7.90020751953125,0.0,0.0],
            "2.96666666667": [5.561126708984375,0.0,0.0],
            "3.0": [1.825042724609375,0.0,0.0],
            "3.03333333333": [-0.344879150390625,0.0,0.0],
            "3.93333333333": [-0.399993896484375,0.0,0.0],
            "lod_distance": 0.0
          }
        }
      },
      "loop": "hold_last_frame",
      "particle_effects": {
        "0.05":  [
          {
            "bind_to_actor": false,
            "effect": "fx_pump_impact",
            "enabled": true,
            "locator": "loc_fx_main"
          }
        ],
        "0.1":  [
          {
            "bind_to_actor": false,
            "effect": "fx_vent",
            "enabled": true,
            "locator": "loc_fx_vent"
          },
          {
            "bind_to_actor": false,
            "effect": "fx_ground_impact",
            "enabled": true,
            "locator": "loc_fx_main"
          }
        ],
        "1":  [
          {
            "effect": "fx_pump_windup",
            "enabled": true,
            "locator": "loc_fx_pump"
          }
        ]
      },
      "sound_effects": {
        "0.033":  [
          {
            "effect": "pumpdown",
            "enabled": true
          }
        ],
        "0.767":  [
          {
            "effect": "pumpup",
            "enabled": true
          }
        ]
      }
    },
    "animation.entity_struct_super_netherspreader_pump.spawn_a": {
      "anim_time_update": "(query.anim_time + (query.delta_time * 1))",
      "blend_weight": "1",
      "bones": {
        "joint_pump_m": {
          "lod_distance": 0.0,
          "position": {
            "0.0": [-0.399993896484375,0.0,0.0],
            "0.833333333333": [-0.399993896484375,0.0,0.0],
            "lod_distance": 0.0
          }
        }
      },
      "loop": "hold_last_frame"
    },
    "animation.entity_struct_super_netherspreader_pump.idle_a": {
      "anim_time_update": "(query.anim_time + (query.delta_time * 1))",
      "blend_weight": "1",
      "bones": {
        "joint_pump_m": {
          "lod_distance": 0.0,
          "position": {
            "0.0": [-0.399993896484375,0.0,0.0],
            "1.23333333333": [-0.399993896484375,0.0,0.0],
            "lod_distance": 0.0
          }
        }
      },
      "loop": "hold_last_frame"
    }
  }
}
