{
  "format_version": "1.8.0",
  "animations": {
    "animation.entity_struct_tower_piglin_shield.opening_a": {
      "anim_time_update": "(query.anim_time + (query.delta_time * 1))",
      "blend_weight": "1",
      "bones": {
        "joint_gatefront_m": {
          "lod_distance": 0.0,
          "position": {
            "0.0": [0.0,0.0,0.0],
            "0.0333333333333": [0.0,-27.841461181640625,0.0],
            "0.0666666666667": [0.0,-65.97406005859375,0.0],
            "0.1": [0.0,-69.22872924804688,0.0],
            "0.133333333333": [0.0,-166.9901580810547,0.0],
            "0.166666666667": [0.0,-183.16241455078125,0.0],
            "0.2": [0.0,-252.8665771484375,0.0],
            "0.233333333333": [0.0,-365.44952392578125,0.0],
            "0.3": [0.0,-361.45168685913086,0.0],
            "0.333333333333": [0.0,-503.0878372192383,0.0],
            "0.366666666667": [0.0,-587.9582214355469,0.0],
            "0.4": [0.0,-610.5969390869141,0.0],
            "0.433333333333": [0.0,-762.9728698730469,0.0],
            "lod_distance": 0.0
          }
        },
        "joint_gaterear_m": {
          "lod_distance": 0.0,
          "position": {
            "0.0": [0.0,0.0,0.0],
            "0.0333333333333": [0.0,-9.23199462890625,0.0],
            "0.0666666666667": [0.0,-65.88510131835938,0.0],
            "0.1": [0.0,-205.27708435058594,0.0],
            "0.133333333333": [0.0,-229.64120483398438,0.0],
            "0.166666666667": [0.0,-223.9324188232422,0.0],
            "0.2": [0.0,-273.0156555175781,0.0],
            "0.233333333333": [0.0,-348.3439140319824,0.0],
            "0.266666666667": [0.0,-353.3673782348633,0.0],
            "0.3": [0.0,-588.8238677978516,0.0],
            "0.333333333333": [0.0,-654.3971405029297,0.0],
            "0.366666666667": [0.0,-645.7906494140625,0.0],
            "0.4": [0.0,-669.5237121582031,0.0],
            "0.433333333333": [0.0,-762.9728698730469,0.0],
            "lod_distance": 0.0
          }
        },
        "joint_gateside_l": {
          "lod_distance": 0.0,
          "position": {
            "0.0": [0.0,0.0,0.0],
            "0.0333333333333": [0.0,-16.9312744140625,0.0],
            "0.0666666666667": [0.0,-41.50408935546875,0.0],
            "0.1": [0.0,-44.875640869140625,0.0],
            "0.133333333333": [0.0,-56.407684326171875,0.0],
            "0.166666666667": [0.0,-170.81051635742188,0.0],
            "0.2": [0.0,-247.0218505859375,0.0],
            "0.233333333333": [0.0,-243.43081665039062,0.0],
            "0.266666666667": [0.0,-253.5197296142578,0.0],
            "0.3": [0.0,-418.7613945007324,0.0],
            "0.333333333333": [0.0,-454.6239013671875,0.0],
            "0.366666666667": [0.0,-531.8181915283203,0.0],
            "0.4": [0.0,-681.2131652832031,0.0],
            "0.433333333333": [0.0,-762.9728698730469,0.0],
            "lod_distance": 0.0
          }
        },
        "joint_gateside_r": {
          "lod_distance": 0.0,
          "position": {
            "0.0": [0.0,0.0,0.0],
            "0.0333333333333": [0.0,-58.899810791015625,0.0],
            "0.0666666666667": [0.0,-141.36465454101562,0.0],
            "0.1": [0.0,-138.19122314453125,0.0],
            "0.133333333333": [0.0,-127.51852416992188,0.0],
            "0.166666666667": [0.0,-320.1813278198242,0.0],
            "0.2": [0.0,-461.2343215942383,0.0],
            "0.3": [0.0,-477.91017150878906,0.0],
            "0.333333333333": [0.0,-635.2068939208984,0.0],
            "0.366666666667": [0.0,-744.6641845703125,0.0],
            "0.4": [0.0,-748.4666748046875,0.0],
            "0.433333333333": [0.0,-762.9728698730469,0.0],
            "lod_distance": 0.0
          }
        }
      },
      "loop": "hold_last_frame",
      "sound_effects": {
        "0.033":  [
          {
            "effect": "open",
            "enabled": true
          }
        ]
      }
    },
    "animation.entity_struct_tower_piglin_shield.closing_a": {
      "anim_time_update": "(query.anim_time + (query.delta_time * 1))",
      "blend_weight": "1",
      "bones": {
        "joint_gatefront_m": {
          "lod_distance": 0.0,
          "position": {
            "0.0": [0.0,-762.9728698730469,0.0],
            "0.0333333333333": [0.0,-709.0958251953125,0.0],
            "0.0666666666667": [0.0,-701.4632873535156,0.0],
            "0.1": [0.0,-650.1187896728516,0.0],
            "0.133333333333": [0.0,-572.1808166503906,0.0],
            "0.166666666667": [0.0,-571.0765991210938,0.0],
            "0.2": [0.0,-434.1825485229492,0.0],
            "0.233333333333": [0.0,-396.5036463737488,0.0],
            "0.266666666667": [0.0,-403.9833891391754,0.0],
            "0.3": [0.0,-355.0891532897949,0.0],
            "0.333333333333": [0.0,-183.7114715576172,0.0],
            "0.366666666667": [0.0,-185.9803009033203,0.0],
            "0.4": [0.0,-78.90838623046875,0.0],
            "lod_distance": 0.0
          }
        },
        "joint_gaterear_m": {
          "lod_distance": 0.0,
          "position": {
            "0.0": [0.0,-762.9728698730469,0.0],
            "0.0333333333333": [0.0,-740.4026184082031,0.0],
            "0.0666666666667": [0.0,-620.4071655273438,0.0],
            "0.1": [0.0,-536.0666656494141,0.0],
            "0.133333333333": [0.0,-532.2868957519531,0.0],
            "0.166666666667": [0.0,-532.1116485595703,0.0],
            "0.2": [0.0,-436.63207244873047,0.0],
            "0.233333333333": [0.0,-427.6950798034668,0.0],
            "0.266666666667": [0.0,-304.9062042236328,0.0],
            "0.3": [0.0,-110.92672729492188,0.0],
            "0.333333333333": [0.0,-115.70663452148438,0.0],
            "0.366666666667": [0.0,-116.45877075195312,0.0],
            "0.4": [0.0,-48.35101318359375,0.0],
            "lod_distance": 0.0
          }
        },
        "joint_gateside_l": {
          "lod_distance": 0.0,
          "position": {
            "0.0": [0.0,-762.9728698730469,0.0],
            "0.0333333333333": [0.0,-730.1369018554688,0.0],
            "0.0666666666667": [0.0,-720.4976806640625,0.0],
            "0.1": [0.0,-715.7162475585938,0.0],
            "0.133333333333": [0.0,-666.7097473144531,0.0],
            "0.166666666667": [0.0,-532.1116485595703,0.0],
            "0.2": [0.0,-518.736457824707,0.0],
            "0.233333333333": [0.0,-526.3737869262695,0.0],
            "0.266666666667": [0.0,-435.8868522644043,0.0],
            "0.3": [0.0,-301.79651641845703,0.0],
            "0.333333333333": [0.0,-298.35477447509766,0.0],
            "0.366666666667": [0.0,-144.22129821777344,0.0],
            "0.4": [0.0,-39.58392333984375,0.0],
            "lod_distance": 0.0
          }
        },
        "joint_gateside_r": {
          "lod_distance": 0.0,
          "position": {
            "0.0": [0.0,-762.9728698730469,0.0],
            "0.0333333333333": [0.0,-649.2069854736328,0.0],
            "0.0666666666667": [0.0,-621.3360748291016,0.0],
            "0.1": [0.0,-634.6417083740234,0.0],
            "0.133333333333": [0.0,-573.4923095703125,0.0],
            "0.166666666667": [0.0,-334.8516540527344,0.0],
            "0.2": [0.0,-300.9543151855469,0.0],
            "0.233333333333": [0.0,-293.6946563720703,0.0],
            "0.266666666667": [0.0,-291.7750244140625,0.0],
            "0.3": [0.0,-232.1077117919922,0.0],
            "0.333333333333": [0.0,-42.647369384765625,0.0],
            "0.366666666667": [0.0,-19.825714111328125,0.0],
            "0.4": [0.0,-7.16510009765625,0.0],
            "lod_distance": 0.0
          }
        }
      },
      "loop": "hold_last_frame",
      "sound_effects": {
        "0.033":  [
          {
            "effect": "close",
            "enabled": true
          }
        ]
      }
    },
    "animation.entity_struct_tower_piglin_shield.idle_open": {
      "anim_time_update": "(query.anim_time + (query.delta_time * 1))",
      "blend_weight": "1",
      "bones": {
        "joint_gatefront_m": {
          "lod_distance": 0.0,