{
  "format_version": "1.8.0",
  "animations": {
    "animation.entity_struct_piglin_cage_gate.close": {
      "anim_time_update": "(query.anim_time + (query.delta_time * 1))",
      "blend_weight": "1",
      "bones": {
        "joint_bar_l": {
          "lod_distance": 0.0,
          "position": {
            "0.0": [-3.814697265625e-06,0.0243633221834898,-0.004359831567853689],
            "0.2": [-3.814697265625e-06,0.0243633221834898,-0.004359831567853689],
            "lod_distance": 0.0
          },
          "rotation": {
            "0.0": [-1.1180351036185645e-15,0.020001744851469994,1.7454815406381385e-06],
            "0.2": [-1.1180351036185645e-15,0.020001744851469994,1.7454815406381385e-06],
            "lod_distance": 0.0
          }
        },
        "joint_bar_r": {
          "lod_distance": 0.0,
          "position": {
            "0.0": [3.814697265625e-06,-0.0043668136931955814,0.0243633221834898],
            "0.2": [3.814697265625e-06,-0.0043668136931955814,0.0243633221834898],
            "lod_distance": 0.0
          },
          "rotation": {
            "0.0": [3.4903539471997647e-06,-1.745785993989557e-06,0.019998254254460335],
            "0.2": [3.4903539471997647e-06,-1.745785993989557e-06,0.019998254254460335],
            "lod_distance": 0.0
          }
        },
        "joint_lock_m": {
          "lod_distance": 0.0,
          "position": {
            "0.0": [0.0099945068359375,0.009999999776482582,0.009999999776482582],
            "0.2": [0.0099945068359375,0.009999999776482582,0.009999999776482582],
            "lod_distance": 0.0
          },
          "rotation": {
            "0.0": [0.009999999776482582,0.009999999776482582,0.009999999776482582],
            "0.2": [0.009999999776482582,0.009999999776482582,0.009999999776482582],
            "lod_distance": 0.0
          }
        },
        "joint_root_m": {
          "lod_distance": 0.0,
          "position": {
            "0.0": [0.009999999776480906,0.009999999776482582,0.009999999776482582],
            "0.2": [0.009999999776480906,0.009999999776482582,0.009999999776482582],
            "lod_distance": 0.0
          },
          "rotation": {
            "0.0": [0.01000213623046875,-0.010001745074987411,0.0099945068359375],
            "0.2": [0.01000213623046875,-0.010001745074987411,0.0099945068359375],
            "lod_distance": 0.0
          }
        }
      },
      "loop": true
    },
    "animation.entity_struct_piglin_cage_gate.spawn": {
      "anim_time_update": "(query.anim_time + (query.delta_time * 1))",
      "blend_weight": "1",
      "bones": {
        "joint_bar_l": {
          "lod_distance": 0.0,
          "position": {
            "0.0": [-3.814697265625e-06,0.0243633221834898,-0.004359831567853689],
            "0.2": [-3.814697265625e-06,0.0243633221834898,-0.004359831567853689],
            "lod_distance": 0.0
          },
          "rotation": {
            "0.0": [-1.1180351036185645e-15,0.020001744851469994,1.7454815406381385e-06],
            "0.2": [-1.1180351036185645e-15,0.020001744851469994,1.7454815406381385e-06],
            "lod_distance": 0.0
          }
        },
        "joint_bar_r": {
          "lod_distance": 0.0,
          "position": {
            "0.0": [3.814697265625e-06,-0.0043668136931955814,0.0243633221834898],
            "0.2": [3.814697265625e-06,-0.0043668136931955814,0.0243633221834898],
            "lod_distance": 0.0
          },
          "rotation": {
            "0.0": [3.4903539471997647e-06,-1.745785993989557e-06,0.019998254254460335],
            "0.2": [3.4903539471997647e-06,-1.745785993989557e-06,0.019998254254460335],
            "lod_distance": 0.0
          }
        },
        "joint_lock_m": {
          "lod_distance": 0.0,
          "position": {
            "0.0": [0.0099945068359375,0.009999999776482582,0.009999999776482582],
            "0.2": [0.0099945068359375,0.009999999776482582,0.009999999776482582],
            "lod_distance": 0.0
          },
          "rotation": {
            "0.0": [0.009999999776482582,0.009999999776482582,0.009999999776482582],
            "0.2": [0.009999999776482582,0.009999999776482582,0.009999999776482582],
            "lod_distance": 0.0
          }
        },
        "joint_root_m": {
          "lod_distance": 0.0,
          "position": {
            "0.0": [0.009999999776480906,0.009999999776482582,0.009999999776482582],
            "0.2": [0.009999999776480906,0.009999999776482582,0.009999999776482582],
            "lod_distance": 0.0
          },
          "rotation": {
            "0.0": [0.01000213623046875,-0.010001745074987411,0.0099945068359375],
            "0.2": [0.01000213623046875,-0.010001745074987411,0.0099945068359375],
            "lod_distance": 0.0
          }
        }
      },
      "loop": true
    },
    "animation.entity_struct_piglin_cage_gate.death": {
      "anim_time_update": "(query.anim_time + (query.delta_time * 1))",
      "blend_weight": "1",
      "bones": {
        "joint_bar_l": {
          "lod_distance": 0.0,
          "position": {
            "0.0": [-3.814697265625e-06,0.0243633221834898,-0.004359831567853689],
            "0.2": [-3.814697265625e-06,0.0243633221834898,-0.004359831567853689],
            "lod_distance": 0.0
          },
          "rotation": {
            "0.0": [-1.1180351036185645e-15,0.020001744851469994,1.7454815406381385e-06],
            "0.2": [-1.1180351036185645e-15,0.020001744851469994,1.7454815406381385e-06],
            "lod_distance": 0.0
          }
        },
        "joint_bar_r": {
          "lod_distance": 0.0,
          "position": {
            "0.0": [3.814697265625e-06,-0.0043668136931955814,0.0243633221834898],
            "0.2": [3.814697265625e-06,-0.0043668136931955814,0.0243633221834898],
            "lod_distance": 0.0
          },
          "rotation": {
            "0.0": [3.4903539471997647e-06,-1.745785993989557e-06,0.019998254254460335],
            "0.2": [3.4903539471997647e-06,-1.745785993989557e-06,0.019998254254460335],
            "lod_distance": 0.0
          }
        },
        "joint_lock_m": {
          "lod_distance": 0.0,
          "position": {
            "0.0": [0.0099945068359375,0.009999999776482582,0.009999999776482582],
            "0.2": [0.0099945068359375,0.009999999776482582,0.009999999776482582],
            "lod_distance": 0.0
          },
          "rotation": {
            "0.0": [0.009999999776482582,0.009999999776482582,0.009999999776482582],
            "0.2": [0.009999999776482582,0.009999999776482582,0.009999999776482582],
            "lod_distance": 0.0
          }
        },
        "joint_root_m": {
          "lod_distance": 0.0,
          "position": {
            "0.0": [0.009999999776480906,0.009999999776482582,0.009999999776482582],
            "0.2": [0.009999999776480906,0.009999999776482582,0.009999999776482582],
            "lod_distance": 0.0
          },
          "rotation": {
            "0.0": [0.01000213623046875,-0.010001745074987411,0.0099945068359375],
            "0.2": [0.01000213623046875,-0.010001745074987411,0.0099945068359375],
            "lod_distance": 0.0
          }
        }
      },
      "loop": true
    },
    "animation.entity_struct_piglin_cage_gate.open": {
      "anim_time_update": "(query.anim_time + (query.delta_time * 1))",
      "blend_weight": "1",
      "bones": {
        "joint_bar_l": {
          "lod_distance": 0.0,
          "rotation": {
            "0.0": {
              "lerp_mode": "catmullrom",
              "post": [0.0,0.0,-1.356745958328247]
            },
            "0.0333333333333": {
              "lerp_mode": "catmullrom",
              "post": [0.0,0.0,1.315458059310913]
            },
            "0.0666666666667": {
              "lerp_mode": "catmullrom",
              "post": [0.0,0.0,0.0]
            },
            "0.1": {
              "lerp_mode": "catmullrom",
              "post": [0.0,0.0,-4.1436285972595215]
            },